Datenstand,IdBundesland,AnzahlFall,AnzahlTodesfall,AnzahlFall_neu,AnzahlTodesfall_neu,AnzahlFall_7d,report_date,meldedatum_max
2020-03-24,1,478,2,95,1,331,2020-03-24,2020-03-23
2020-03-24,2,1043,0,100,0,664,2020-03-24,2020-03-23
2020-03-24,3,1764,6,287,2,1219,2020-03-24,2020-03-23
2020-03-24,4,183,0,14,0,126,2020-03-24,2020-03-23
2020-03-24,5,6318,33,714,5,3678,2020-03-24,2020-03-23
2020-03-24,6,1620,4,280,1,1196,2020-03-24,2020-03-23
2020-03-24,7,1370,5,197,3,935,2020-03-24,2020-03-23
2020-03-24,8,5348,30,1546,9,3473,2020-03-24,2020-03-23
2020-03-24,9,5754,30,872,4,4380,2020-03-24,2020-03-23
2020-03-24,10,337,1,137,1,237,2020-03-24,2020-03-23
2020-03-24,11,1220,1,145,0,867,2020-03-24,2020-03-23
2020-03-24,12,343,0,55,0,215,2020-03-24,2020-03-23
2020-03-24,13,199,0,27,0,147,2020-03-24,2020-03-23
2020-03-24,14,811,1,158,1,610,2020-03-24,2020-03-23
2020-03-24,15,321,0,109,0,238,2020-03-24,2020-03-23
2020-03-24,16,327,1,78,1,261,2020-03-24,2020-03-23
2020-03-25,1,577,3,101,1,383,2020-03-25,2020-03-24
2020-03-25,2,1262,0,223,0,756,2020-03-25,2020-03-24
2020-03-25,3,2140,7,382,1,1423,2020-03-25,2020-03-24
2020-03-25,4,200,0,19,0,131,2020-03-25,2020-03-24
2020-03-25,5,7197,43,895,10,3766,2020-03-25,2020-03-24
2020-03-25,6,1754,4,138,1,1160,2020-03-25,2020-03-24
2020-03-25,7,1591,5,222,0,981,2020-03-25,2020-03-24
2020-03-25,8,6069,37,724,7,3580,2020-03-25,2020-03-24
2020-03-25,9,6558,37,813,7,4734,2020-03-25,2020-03-24
2020-03-25,10,403,2,66,1,282,2020-03-25,2020-03-24
2020-03-25,11,1428,2,211,1,979,2020-03-25,2020-03-24
2020-03-25,12,429,1,86,1,242,2020-03-25,2020-03-24
2020-03-25,13,218,0,19,0,134,2020-03-25,2020-03-24
2020-03-25,14,959,6,171,5,678,2020-03-25,2020-03-24
2020-03-25,15,375,1,54,1,263,2020-03-25,2020-03-24
2020-03-25,16,394,1,67,0,302,2020-03-25,2020-03-24
2020-03-26,1,577,3,101,1,331,2020-03-26,2020-03-24
2020-03-26,2,1262,0,223,0,631,2020-03-26,2020-03-24
2020-03-26,3,2140,7,382,1,1169,2020-03-26,2020-03-24
2020-03-26,4,200,0,19,0,121,2020-03-26,2020-03-24
2020-03-26,5,7197,43,895,10,3182,2020-03-26,2020-03-24
2020-03-26,6,1754,4,138,1,943,2020-03-26,2020-03-24
2020-03-26,7,1591,5,222,0,825,2020-03-26,2020-03-24
2020-03-26,8,6069,37,724,7,2809,2020-03-26,2020-03-24
2020-03-26,9,6558,37,813,7,4059,2020-03-26,2020-03-24
2020-03-26,10,403,2,66,1,244,2020-03-26,2020-03-24
2020-03-26,11,1428,2,211,1,835,2020-03-26,2020-03-24
2020-03-26,12,429,1,86,1,194,2020-03-26,2020-03-24
2020-03-26,13,218,0,19,0,91,2020-03-26,2020-03-24
2020-03-26,14,959,6,171,5,559,2020-03-26,2020-03-24
2020-03-26,15,375,1,54,1,225,2020-03-26,2020-03-24
2020-03-26,16,394,1,67,0,266,2020-03-26,2020-03-24
2020-03-27,1,812,4,137,1,504,2020-03-27,2020-03-26
2020-03-27,2,1693,2,427,2,865,2020-03-27,2020-03-26
2020-03-27,3,2810,10,463,2,1588,2020-03-27,2020-03-26
2020-03-27,4,241,1,30,0,122,2020-03-27,2020-03-26
2020-03-27,5,9235,72,1311,19,4151,2020-03-27,2020-03-26
2020-03-27,6,2323,7,166,1,1301,2020-03-27,2020-03-26
2020-03-27,7,1971,8,155,2,1065,2020-03-27,2020-03-26
2020-03-27,8,8161,70,879,14,4216,2020-03-27,2020-03-26
2020-03-27,9,9481,55,1488,8,6142,2020-03-27,2020-03-26
2020-03-27,10,505,2,72,0,306,2020-03-27,2020-03-26
2020-03-27,11,1955,8,299,4,1185,2020-03-27,2020-03-26
2020-03-27,12,537,1,60,0,243,2020-03-27,2020-03-26
2020-03-27,13,259,0,15,0,98,2020-03-27,2020-03-26
2020-03-27,14,1305,7,164,0,755,2020-03-27,2020-03-26
2020-03-27,15,458,2,40,1,266,2020-03-27,2020-03-26
2020-03-27,16,542,4,74,1,369,2020-03-27,2020-03-26
2020-03-28,1,915,4,103,0,537,2020-03-28,2020-03-27
2020-03-28,2,1765,2,72,0,806,2020-03-28,2020-03-27
2020-03-28,3,3150,12,340,2,1662,2020-03-28,2020-03-27
2020-03-28,4,260,2,19,1,120,2020-03-28,2020-03-27
2020-03-28,5,10607,80,1372,8,4658,2020-03-28,2020-03-27
2020-03-28,6,2604,9,281,2,1361,2020-03-28,2020-03-27
2020-03-28,7,2212,11,241,3,1121,2020-03-28,2020-03-27
2020-03-28,8,9781,101,1620,31,4990,2020-03-28,2020-03-27
2020-03-28,9,11150,77,1669,22,6920,2020-03-28,2020-03-27
2020-03-28,10,550,2,45,0,318,2020-03-28,2020-03-27
2020-03-28,11,2161,8,206,0,1222,2020-03-28,2020-03-27
2020-03-28,12,645,1,108,0,284,2020-03-28,2020-03-27
2020-03-28,13,308,0,49,0,131,2020-03-28,2020-03-27
2020-03-28,14,1432,9,127,2,753,2020-03-28,2020-03-27
2020-03-28,15,458,2,0,0,215,2020-03-28,2020-03-26
2020-03-28,16,584,5,42,1,337,2020-03-28,2020-03-27
2020-03-29,1,1005,6,90,2,580,2020-03-29,2020-03-28
2020-03-29,2,1846,4,81,2,776,2020-03-29,2020-03-27
2020-03-29,3,3450,21,300,9,1772,2020-03-29,2020-03-28
2020-03-29,4,275,2,15,0,112,2020-03-29,2020-03-28
2020-03-29,5,11400,98,793,18,4750,2020-03-29,2020-03-27
2020-03-29,6,2605,9,1,0,1227,2020-03-29,2020-03-27
2020-03-29,7,2396,12,184,1,1191,2020-03-29,2020-03-28
2020-03-29,8,9794,101,13,0,4463,2020-03-29,2020-03-27
2020-03-29,9,12881,107,1731,30,7579,2020-03-29,2020-03-28
2020-03-29,10,560,2,10,0,289,2020-03-29,2020-03-27
2020-03-29,11,2360,9,199,1,1294,2020-03-29,2020-03-28
2020-03-29,12,721,1,76,0,325,2020-03-29,2020-03-28
2020-03-29,13,348,1,40,1,160,2020-03-29,2020-03-28
2020-03-29,14,1617,9,185,0,826,2020-03-29,2020-03-28
2020-03-29,15,592,2,134,0,332,2020-03-29,2020-03-28
2020-03-29,16,697,5,113,0,408,2020-03-29,2020-03-28
2020-03-30,1,1049,7,46,1,588,2020-03-30,2020-03-29
2020-03-30,2,2053,5,207,1,843,2020-03-30,2020-03-29
2020-03-30,3,3732,26,280,5,1948,2020-03-30,2020-03-29
2020-03-30,4,286,2,11,0,119,2020-03-30,2020-03-29
2020-03-30,5,12178,101,778,3,5059,2020-03-30,2020-03-29
2020-03-30,6,3091,13,486,4,1648,2020-03-30,2020-03-29
2020-03-30,7,2584,18,189,6,1227,2020-03-30,2020-03-29
2020-03-30,8,10943,119,1148,18,5072,2020-03-30,2020-03-28
2020-03-30,9,13989,127,1108,20,8093,2020-03-30,2020-03-29
2020-03-30,10,706,7,146,5,388,2020-03-30,2020-03-29
2020-03-30,11,2464,11,104,2,1326,2020-03-30,2020-03-29
2020-03-30,12,761,2,40,1,343,2020-03-30,2020-03-29
2020-03-30,13,356,1,8,0,167,2020-03-30,2020-03-29
2020-03-30,14,1795,9,178,0,962,2020-03-30,2020-03-29
2020-03-30,15,592,2,0,0,318,2020-03-30,2020-03-28
2020-03-30,16,719,5,22,0,406,2020-03-30,2020-03-29
2020-03-31,1,1120,9,72,2,565,2020-03-31,2020-03-30
2020-03-31,2,2191,9,138,4,834,2020-03-31,2020-03-29
2020-03-31,3,4063,34,330,8,2032,2020-03-31,2020-03-30
2020-03-31,4,294,4,8,2,116,2020-03-31,2020-03-30
2020-03-31,5,13225,117,1047,16,5211,2020-03-31,2020-03-30
2020-03-31,6,3283,17,192,4,1564,2020-03-31,2020-03-30
2020-03-31,7,2726,19,142,1,1176,2020-03-31,2020-03-30
2020-03-31,8,12334,165,1391,46,5854,2020-03-31,2020-03-30
2020-03-31,9,14810,162,821,35,8258,2020-03-31,2020-03-30
2020-03-31,10,782,7,76,0,405,2020-03-31,2020-03-30
2020-03-31,11,2575,13,111,2,1279,2020-03-31,2020-03-30
2020-03-31,12,798,2,37,0,328,2020-03-31,2020-03-30
2020-03-31,13,366,1,10,0,164,2020-03-31,2020-03-30
2020-03-31,14,1882,12,87,3,935,2020-03-31,2020-03-30
2020-03-31,15,680,6,88,4,340,2020-03-31,2020-03-30
2020-03-31,16,784,6,65,1,413,2020-03-31,2020-03-30
2020-04-01,1,1246,10,126,1,588,2020-04-01,2020-03-31
2020-04-01,2,2311,14,120,5,772,2020-04-01,2020-03-31
2020-04-01,3,4382,42,319,8,2051,2020-04-01,2020-03-31
2020-04-01,4,311,5,17,1,114,2020-04-01,2020-03-31
2020-04-01,5,14351,134,1126,17,5306,2020-04-01,2020-03-31
2020-04-01,6,3445,21,162,4,1495,2020-04-01,2020-03-31
2020-04-01,7,2899,23,173,4,1141,2020-04-01,2020-03-31
2020-04-01,8,13410,197,1076,32,5782,2020-04-01,2020-03-31
2020-04-01,9,16497,225,1687,63,8812,2020-04-01,2020-03-31
2020-04-01,10,829,8,47,1,422,2020-04-01,2020-03-31
2020-04-01,11,2754,16,179,3,1259,2020-04-01,2020-03-31
2020-04-01,12,881,4,83,2,359,2020-04-01,2020-03-31
2020-04-01,13,406,3,40,2,167,2020-04-01,2020-03-31
2020-04-01,14,2034,17,152,5,923,2020-04-01,2020-03-31
2020-04-01,15,750,7,70,1,348,2020-04-01,2020-03-31
2020-04-01,16,860,6,76,0,408,2020-04-01,2020-03-31
2020-04-02,1,1335,11,89,1,590,2020-04-02,2020-04-01
2020-04-02,2,2406,14,95,0,729,2020-04-02,2020-04-01
2020-04-02,3,4695,45,313,3,1978,2020-04-02,2020-04-01
2020-04-02,4,327,6,16,1,119,2020-04-02,2020-04-01
2020-04-02,5,15427,161,1076,27,5304,2020-04-02,2020-04-01
2020-04-02,6,3707,27,262,6,1503,2020-04-02,2020-04-01
2020-04-02,7,3132,26,233,3,1213,2020-04-02,2020-04-01
2020-04-02,8,14662,241,1252,44,5789,2020-04-02,2020-04-01
2020-04-02,9,18496,268,1999,43,9180,2020-04-02,2020-04-01
2020-04-02,10,1020,11,191,3,565,2020-04-02,2020-04-01
2020-04-02,11,2970,19,216,3,1227,2020-04-02,2020-04-01
2020-04-02,12,995,7,114,3,390,2020-04-02,2020-04-01
2020-04-02,13,438,3,32,0,175,2020-04-02,2020-04-01
2020-04-02,14,2183,18,149,1,892,2020-04-02,2020-04-01
2020-04-02,15,804,8,54,1,351,2020-04-02,2020-04-01
2020-04-02,16,925,7,65,1,387,2020-04-02,2020-04-01
2020-04-03,1,1443,15,108,4,598,2020-04-03,2020-04-02
2020-04-03,2,2596,16,190,2,774,2020-04-03,2020-04-02
2020-04-03,3,5081,65,386,20,1987,2020-04-03,2020-04-02
2020-04-03,4,341,6,14,0,99,2020-04-03,2020-04-02
2020-04-03,5,16606,178,1179,17,5424,2020-04-03,2020-04-02
2020-04-03,6,3993,33,286,6,1489,2020-04-03,2020-04-02
2020-04-03,7,3362,26,230,0,1233,2020-04-03,2020-04-02
2020-04-03,8,16059,285,1397,44,5979,2020-04-03,2020-04-02
2020-04-03,9,20237,307,1741,39,9297,2020-04-03,2020-04-02
2020-04-03,10,1079,12,59,1,552,2020-04-03,2020-04-02
2020-04-03,11,3202,20,232,1,1180,2020-04-03,2020-04-02
2020-04-03,12,1075,9,80,2,397,2020-04-03,2020-04-02
2020-04-03,13,468,4,30,1,178,2020-04-03,2020-04-02
2020-04-03,14,2336,21,153,3,875,2020-04-03,2020-04-02
2020-04-03,15,836,11,32,3,328,2020-04-03,2020-04-02
2020-04-03,16,982,9,57,2,369,2020-04-03,2020-04-02
2020-04-04,1,1559,17,116,2,599,2020-04-04,2020-04-03
2020-04-04,2,2697,16,101,0,734,2020-04-04,2020-04-03
2020-04-04,3,5571,85,490,20,2074,2020-04-04,2020-04-03
2020-04-04,4,354,6,13,0,93,2020-04-04,2020-04-03
2020-04-04,5,17885,200,1279,22,5552,2020-04-04,2020-04-03
2020-04-04,6,4279,42,286,9,1471,2020-04-04,2020-04-03
2020-04-04,7,3504,29,142,3,1103,2020-04-04,2020-04-03
2020-04-04,8,17014,316,955,31,5726,2020-04-04,2020-04-03
2020-04-04,9,21908,349,1671,42,9204,2020-04-04,2020-04-03
2020-04-04,10,1265,14,186,2,675,2020-04-04,2020-04-03
2020-04-04,11,3471,22,269,2,1252,2020-04-04,2020-04-03
2020-04-04,12,1211,12,136,3,454,2020-04-04,2020-04-03
2020-04-04,13,501,5,33,1,169,2020-04-04,2020-04-03
2020-04-04,14,2591,24,255,3,944,2020-04-04,2020-04-03
2020-04-04,15,896,11,60,0,310,2020-04-04,2020-04-03
2020-04-04,16,1072,10,90,1,386,2020-04-04,2020-04-03
2020-04-05,1,1631,18,72,1,588,2020-04-05,2020-04-04
2020-04-05,2,2945,19,248,3,836,2020-04-05,2020-04-04
2020-04-05,3,5712,89,141,4,1872,2020-04-05,2020-04-04
2020-04-05,4,394,6,40,0,104,2020-04-05,2020-04-04
2020-04-05,5,18735,245,850,45,5635,2020-04-05,2020-04-03
2020-04-05,6,4575,56,296,14,1577,2020-04-05,2020-04-04
2020-04-05,7,3663,32,159,3,1101,2020-04-05,2020-04-04
2020-04-05,8,18614,367,1601,51,6306,2020-04-05,2020-04-04
2020-04-05,9,23846,396,1938,47,9682,2020-04-05,2020-04-04
2020-04-05,10,1358,14,93,0,699,2020-04-05,2020-04-04
2020-04-05,11,3613,24,142,2,1207,2020-04-05,2020-04-04
2020-04-05,12,1305,17,94,5,505,2020-04-05,2020-04-04
2020-04-05,13,523,5,22,0,169,2020-04-05,2020-04-04
2020-04-05,14,2741,32,149,8,941,2020-04-05,2020-04-04
2020-04-05,15,919,12,23,1,291,2020-04-05,2020-04-04
2020-04-05,16,1140,10,68,0,384,2020-04-05,2020-04-04
2020-04-06,1,1671,20,40,2,586,2020-04-06,2020-04-05
2020-04-06,2,2993,19,48,0,775,2020-04-06,2020-04-05
2020-04-06,3,5960,92,248,3,1943,2020-04-06,2020-04-05
2020-04-06,4,397,8,3,2,106,2020-04-06,2020-04-05
2020-04-06,5,19384,255,649,10,5646,2020-04-06,2020-04-05
2020-04-06,6,4674,61,99,5,1537,2020-04-06,2020-04-05
2020-04-06,7,3882,32,219,0,1178,2020-04-06,2020-04-05
2020-04-06,8,19395,387,781,20,6420,2020-04-06,2020-04-05
2020-04-06,9,24974,437,1128,41,9940,2020-04-06,2020-04-05
2020-04-06,10,1483,14,125,0,748,2020-04-06,2020-04-05
2020-04-06,11,3670,26,57,2,1175,2020-04-06,2020-04-05
2020-04-06,12,1345,19,40,2,517,2020-04-06,2020-04-05
2020-04-06,13,528,6,5,1,163,2020-04-06,2020-04-05
2020-04-06,14,2903,34,162,2,1031,2020-04-06,2020-04-05
2020-04-06,15,956,12,37,0,309,2020-04-06,2020-04-05
2020-04-06,16,1176,12,36,2,400,2020-04-06,2020-04-05
2020-04-07,1,1730,24,59,4,561,2020-04-07,2020-04-06
2020-04-07,2,3059,20,66,1,769,2020-04-07,2020-04-06
2020-04-07,3,6200,111,240,19,1867,2020-04-07,2020-04-06
2020-04-07,4,399,9,2,1,101,2020-04-07,2020-04-06
2020-04-07,5,20220,282,836,27,5589,2020-04-07,2020-04-06
2020-04-07,6,4837,73,163,12,1521,2020-04-07,2020-04-06
2020-04-07,7,3992,34,110,2,1145,2020-04-07,2020-04-06
2020-04-07,8,20141,433,746,46,6264,2020-04-07,2020-04-06
2020-04-07,9,26163,481,1189,44,10133,2020-04-07,2020-04-06
2020-04-07,10,1532,16,49,2,728,2020-04-07,2020-04-06
2020-04-07,11,3845,28,175,2,1180,2020-04-07,2020-04-06
2020-04-07,12,1384,20,39,1,465,2020-04-07,2020-04-06
2020-04-07,13,531,8,3,2,153,2020-04-07,2020-04-06
2020-04-07,14,2997,38,94,4,988,2020-04-07,2020-04-06
2020-04-07,15,987,12,31,0,267,2020-04-07,2020-04-06
2020-04-07,16,1208,18,32,6,398,2020-04-07,2020-04-06
2020-04-08,1,1827,28,98,4,552,2020-04-08,2020-04-07
2020-04-08,2,3165,23,106,3,728,2020-04-08,2020-04-07
2020-04-08,3,6385,121,184,10,1701,2020-04-08,2020-04-07
2020-04-08,4,424,10,25,1,109,2020-04-08,2020-04-07
2020-04-08,5,20929,348,709,66,5285,2020-04-08,2020-04-07
2020-04-08,6,4965,84,128,11,1393,2020-04-08,2020-04-07
2020-04-08,7,4148,45,156,11,1099,2020-04-08,2020-04-07
2020-04-08,8,20680,464,539,31,5572,2020-04-08,2020-04-07
2020-04-08,9,27564,564,1401,83,9756,2020-04-08,2020-04-07
2020-04-08,10,1637,23,105,7,709,2020-04-08,2020-04-07
2020-04-08,11,4028,32,183,4,1149,2020-04-08,2020-04-07
2020-04-08,12,1472,22,88,2,426,2020-04-08,2020-04-07
2020-04-08,13,555,11,24,3,129,2020-04-08,2020-04-07
2020-04-08,14,3144,50,147,12,953,2020-04-08,2020-04-07
2020-04-08,15,1020,16,33,4,245,2020-04-08,2020-04-07
2020-04-08,16,1285,20,77,2,389,2020-04-08,2020-04-07
2020-04-09,1,1932,34,105,6,544,2020-04-09,2020-04-08
2020-04-09,2,3320,44,155,21,754,2020-04-09,2020-04-08
2020-04-09,3,6804,141,419,20,1750,2020-04-09,2020-04-08
2020-04-09,4,445,11,21,1,114,2020-04-09,2020-04-08
2020-04-09,5,21961,384,1032,36,5154,2020-04-09,2020-04-08
2020-04-09,6,5242,100,277,16,1331,2020-04-09,2020-04-08
2020-04-09,7,4336,50,188,5,1035,2020-04-09,2020-04-08
2020-04-09,8,21603,519,922,55,5268,2020-04-09,2020-04-08
2020-04-09,9,28827,635,1263,71,9083,2020-04-09,2020-04-08
2020-04-09,10,1693,23,56,0,642,2020-04-09,2020-04-08
2020-04-09,11,4202,37,174,5,1137,2020-04-09,2020-04-08
2020-04-09,12,1578,30,106,8,456,2020-04-09,2020-04-08
2020-04-09,13,572,11,17,0,123,2020-04-09,2020-04-08
2020-04-09,14,3261,52,118,2,887,2020-04-09,2020-04-08
2020-04-09,15,1075,16,55,0,264,2020-04-09,2020-04-08
2020-04-09,16,1351,20,66,0,396,2020-04-09,2020-04-08
2020-04-10,1,2029,38,97,4,533,2020-04-10,2020-04-09
2020-04-10,2,3551,53,231,9,812,2020-04-10,2020-04-09
2020-04-10,3,7114,161,310,20,1729,2020-04-10,2020-04-09
2020-04-10,4,454,13,9,2,111,2020-04-10,2020-04-09
2020-04-10,5,23028,446,1067,62,5010,2020-04-10,2020-04-09
2020-04-10,6,5694,111,452,11,1522,2020-04-10,2020-04-09
2020-04-10,7,4440,51,104,1,946,2020-04-10,2020-04-09
2020-04-10,8,22433,570,830,51,4728,2020-04-10,2020-04-09
2020-04-10,9,30363,703,1536,68,8646,2020-04-10,2020-04-09
2020-04-10,10,1854,36,161,13,627,2020-04-10,2020-04-09
2020-04-10,11,4349,42,147,5,1062,2020-04-10,2020-04-09
2020-04-10,12,1691,37,113,7,468,2020-04-10,2020-04-09
2020-04-10,13,586,11,14,0,108,2020-04-10,2020-04-09
2020-04-10,14,3402,59,141,7,804,2020-04-10,2020-04-09
2020-04-10,15,1121,18,46,2,263,2020-04-10,2020-04-09
2020-04-10,16,1416,24,65,4,384,2020-04-10,2020-04-09
2020-04-11,1,2065,39,36,1,453,2020-04-11,2020-04-10
2020-04-11,2,3663,56,112,3,773,2020-04-11,2020-04-10
2020-04-11,3,7343,171,229,10,1575,2020-04-11,2020-04-10
2020-04-11,4,469,15,15,2,92,2020-04-11,2020-04-10
2020-04-11,5,23644,472,616,26,4606,2020-04-11,2020-04-10
2020-04-11,6,5808,120,114,9,1384,2020-04-11,2020-04-10
2020-04-11,7,4622,59,182,8,913,2020-04-11,2020-04-10
2020-04-11,8,23617,622,1183,52,4628,2020-04-11,2020-04-10
2020-04-11,9,31453,747,1090,44,7782,2020-04-11,2020-04-10
2020-04-11,10,2016,41,162,5,718,2020-04-11,2020-04-10
2020-04-11,11,4458,46,109,4,934,2020-04-11,2020-04-10
2020-04-11,12,1764,37,73,0,414,2020-04-11,2020-04-09
2020-04-11,13,601,11,15,0,91,2020-04-11,2020-04-10
2020-04-11,14,3565,65,164,6,719,2020-04-11,2020-04-10
2020-04-11,15,1135,18,14,0,233,2020-04-11,2020-04-10
2020-04-11,16,1435,25,19,1,334,2020-04-11,2020-04-10
2020-04-12,1,2118,41,53,2,437,2020-04-12,2020-04-11
2020-04-12,2,3742,56,79,0,746,2020-04-12,2020-04-11
2020-04-12,3,7602,189,259,18,1606,2020-04-12,2020-04-11
2020-04-12,4,480,15,11,0,88,2020-04-12,2020-04-11
2020-04-12,5,24267,495,623,23,4539,2020-04-12,2020-04-11
2020-04-12,6,5859,123,51,3,1210,2020-04-12,2020-04-11
2020-04-12,7,4734,64,112,5,884,2020-04-12,2020-04-11
2020-04-12,8,24078,649,461,27,4250,2020-04-12,2020-04-11
2020-04-12,9,32282,786,829,39,7126,2020-04-12,2020-04-11
2020-04-12,10,2058,43,42,2,632,2020-04-12,2020-04-11
2020-04-12,11,4567,50,109,4,930,2020-04-12,2020-04-11
2020-04-12,12,1857,38,93,1,460,2020-04-12,2020-04-10
2020-04-12,13,605,11,4,0,80,2020-04-12,2020-04-11
2020-04-12,14,3600,67,35,2,619,2020-04-12,2020-04-11
2020-04-12,15,1166,21,31,3,233,2020-04-12,2020-04-11
2020-04-12,16,1464,25,29,0,313,2020-04-12,2020-04-11
2020-04-13,1,2134,44,16,3,422,2020-04-13,2020-04-12
2020-04-13,2,3770,56,28,0,669,2020-04-13,2020-04-12
2020-04-13,3,7723,201,121,12,1585,2020-04-13,2020-04-12
2020-04-13,4,486,17,6,2,91,2020-04-13,2020-04-12
2020-04-13,5,24883,518,616,23,4656,2020-04-13,2020-04-12
2020-04-13,6,6114,135,255,12,1369,2020-04-13,2020-04-12
2020-04-13,7,4810,68,76,4,853,2020-04-13,2020-04-11
2020-04-13,8,24570,677,492,28,4239,2020-04-13,2020-04-12
2020-04-13,9,33015,820,733,34,7158,2020-04-13,2020-04-12
2020-04-13,10,2079,44,21,1,561,2020-04-13,2020-04-12
2020-04-13,11,4601,51,34,1,888,2020-04-13,2020-04-12
2020-04-13,12,1880,38,23,0,459,2020-04-13,2020-04-11
2020-04-13,13,618,11,13,0,91,2020-04-13,2020-04-12
2020-04-13,14,3655,68,55,1,607,2020-04-13,2020-04-12
2020-04-13,15,1193,24,27,3,217,2020-04-13,2020-04-12
2020-04-13,16,1485,27,21,2,296,2020-04-13,2020-04-12
2020-04-14,1,2164,49,30,5,391,2020-04-14,2020-04-13
2020-04-14,2,3808,59,38,3,604,2020-04-14,2020-04-12
2020-04-14,3,7885,211,162,10,1513,2020-04-14,2020-04-13
2020-04-14,4,492,20,6,3,92,2020-04-14,2020-04-13
2020-04-14,5,25300,545,417,27,4210,2020-04-14,2020-04-13
2020-04-14,6,6183,147,68,12,1299,2020-04-14,2020-04-13
2020-04-14,7,4880,70,70,2,783,2020-04-14,2020-04-12
2020-04-14,8,25040,711,470,34,4148,2020-04-14,2020-04-13
2020-04-14,9,33569,872,554,52,6583,2020-04-14,2020-04-13
2020-04-14,10,2112,52,33,8,515,2020-04-14,2020-04-13
2020-04-14,11,4668,56,67,5,813,2020-04-14,2020-04-13
2020-04-14,12,1916,40,36,2,426,2020-04-14,2020-04-13
2020-04-14,13,619,11,1,0,88,2020-04-14,2020-04-13
2020-04-14,14,3751,70,96,2,624,2020-04-14,2020-04-13
2020-04-14,15,1207,25,15,1,205,2020-04-14,2020-04-13
2020-04-14,16,1504,31,19,4,288,2020-04-14,2020-04-13
2020-04-15,1,2245,54,81,5,374,2020-04-15,2020-04-14
2020-04-15,2,3869,67,61,8,482,2020-04-15,2020-04-14
2020-04-15,3,8019,224,134,13,1273,2020-04-15,2020-04-14
2020-04-15,4,500,21,8,1,64,2020-04-15,2020-04-14
2020-04-15,5,25835,607,535,62,3822,2020-04-15,2020-04-14
2020-04-15,6,6347,173,166,26,1210,2020-04-15,2020-04-14
2020-04-15,7,5004,77,124,7,725,2020-04-15,2020-04-14
2020-04-15,8,25438,767,398,56,3648,2020-04-15,2020-04-14
2020-04-15,9,34294,954,723,82,5787,2020-04-15,2020-04-14
2020-04-15,10,2145,58,33,6,460,2020-04-15,2020-04-14
2020-04-15,11,4722,62,54,6,660,2020-04-15,2020-04-14
2020-04-15,12,1950,42,34,2,352,2020-04-15,2020-04-14
2020-04-15,13,624,11,6,0,58,2020-04-15,2020-04-14
2020-04-15,14,3819,73,68,3,553,2020-04-15,2020-04-14
2020-04-15,15,1223,26,15,1,176,2020-04-15,2020-04-14
2020-04-15,16,1550,38,46,7,260,2020-04-15,2020-04-14
2020-04-16,1,2294,55,49,1,333,2020-04-16,2020-04-15
2020-04-16,2,3953,80,84,13,459,2020-04-16,2020-04-15
2020-04-16,3,8188,248,169,24,1119,2020-04-16,2020-04-15
2020-04-16,4,507,21,7,0,65,2020-04-16,2020-04-15
2020-04-16,5,26383,663,548,56,3337,2020-04-16,2020-04-15
2020-04-16,6,6470,187,123,14,1031,2020-04-16,2020-04-15
2020-04-16,7,5087,87,83,10,633,2020-04-16,2020-04-15
2020-04-16,8,25881,802,443,35,3153,2020-04-16,2020-04-15
2020-04-16,9,35142,1049,848,95,5060,2020-04-16,2020-04-15
2020-04-16,10,2201,71,56,13,365,2020-04-16,2020-04-15
2020-04-16,11,4848,74,126,12,615,2020-04-16,2020-04-15
2020-04-16,12,2058,54,108,12,344,2020-04-16,2020-04-15
2020-04-16,13,634,13,10,2,61,2020-04-16,2020-04-15
2020-04-16,14,3955,94,136,21,526,2020-04-16,2020-04-15
2020-04-16,15,1248,26,25,0,154,2020-04-16,2020-04-15
2020-04-16,16,1601,45,51,7,245,2020-04-16,2020-04-15
2020-04-17,1,2349,59,55,4,294,2020-04-17,2020-04-16
2020-04-17,2,4005,84,52,4,395,2020-04-17,2020-04-16
2020-04-17,3,8442,274,254,26,1056,2020-04-17,2020-04-16
2020-04-17,4,556,22,49,1,98,2020-04-17,2020-04-16
2020-04-17,5,27030,726,647,63,2975,2020-04-17,2020-04-16
2020-04-17,6,6705,197,236,10,976,2020-04-17,2020-04-16
2020-04-17,7,5211,92,124,5,598,2020-04-17,2020-04-16
2020-04-17,8,26543,872,662,70,2812,2020-04-17,2020-04-16
2020-04-17,9,36027,1137,884,88,4645,2020-04-17,2020-04-16
2020-04-17,10,2254,76,53,5,285,2020-04-17,2020-04-16
2020-04-17,11,4945,84,97,10,533,2020-04-17,2020-04-16
2020-04-17,12,2120,60,62,6,302,2020-04-17,2020-04-16
2020-04-17,13,634,13,0,0,45,2020-04-17,2020-04-15
2020-04-17,14,4048,95,93,1,484,2020-04-17,2020-04-16
2020-04-17,15,1279,28,31,2,146,2020-04-17,2020-04-16
2020-04-17,16,1682,49,81,4,257,2020-04-17,2020-04-16
2020-04-18,1,2387,61,38,2,296,2020-04-18,2020-04-17
2020-04-18,2,4118,90,113,6,405,2020-04-18,2020-04-17
2020-04-18,3,8649,281,207,7,1013,2020-04-18,2020-04-17
2020-04-18,4,567,24,11,2,100,2020-04-18,2020-04-17
2020-04-18,5,28006,791,976,65,3227,2020-04-18,2020-04-17
2020-04-18,6,6916,212,211,15,1029,2020-04-18,2020-04-17
2020-04-18,7,5324,99,113,7,579,2020-04-18,2020-04-17
2020-04-18,8,27258,919,715,47,2862,2020-04-18,2020-04-17
2020-04-18,9,36881,1198,854,61,4566,2020-04-18,2020-04-17
2020-04-18,10,2289,86,35,10,227,2020-04-18,2020-04-17
2020-04-18,11,5066,91,121,7,573,2020-04-18,2020-04-17
2020-04-18,12,2161,62,41,2,266,2020-04-18,2020-04-17
2020-04-18,13,645,14,11,1,45,2020-04-18,2020-04-17
2020-04-18,14,4140,103,92,8,443,2020-04-18,2020-04-17
2020-04-18,15,1315,29,36,1,157,2020-04-18,2020-04-17
2020-04-18,16,1717,50,35,1,266,2020-04-18,2020-04-17
2020-04-19,1,2417,62,30,1,285,2020-04-19,2020-04-18
2020-04-19,2,4167,91,49,1,375,2020-04-19,2020-04-18
2020-04-19,3,8797,288,148,7,1003,2020-04-19,2020-04-18
2020-04-19,4,585,25,18,1,104,2020-04-19,2020-04-18
2020-04-19,5,28471,814,465,23,3070,2020-04-19,2020-04-18
2020-04-19,6,7108,230,192,18,1066,2020-04-19,2020-04-18
2020-04-19,7,5432,106,108,7,612,2020-04-19,2020-04-18
2020-04-19,8,27883,968,625,49,2715,2020-04-19,2020-04-18
2020-04-19,9,37407,1256,526,58,4280,2020-04-19,2020-04-18
2020-04-19,10,2303,91,14,5,219,2020-04-19,2020-04-18
2020-04-19,11,5159,92,93,1,581,2020-04-19,2020-04-18
2020-04-19,12,2221,66,60,4,279,2020-04-19,2020-04-17
2020-04-19,13,651,15,6,1,38,2020-04-19,2020-04-18
2020-04-19,14,4190,107,50,4,418,2020-04-19,2020-04-18
2020-04-19,15,1350,30,35,1,163,2020-04-19,2020-04-18
2020-04-19,16,1756,53,39,3,278,2020-04-19,2020-04-18
2020-04-20,1,2426,67,9,5,277,2020-04-20,2020-04-19
2020-04-20,2,4185,91,18,0,348,2020-04-20,2020-04-19
2020-04-20,3,8900,291,103,3,955,2020-04-20,2020-04-19
2020-04-20,4,604,25,19,0,119,2020-04-20,2020-04-19
2020-04-20,5,28971,857,500,43,3319,2020-04-20,2020-04-19
2020-04-20,6,7177,240,69,10,1038,2020-04-20,2020-04-19
2020-04-20,7,5523,107,91,1,636,2020-04-20,2020-04-19
2020-04-20,8,28253,982,370,14,2687,2020-04-20,2020-04-19
2020-04-20,9,37849,1286,442,30,4298,2020-04-20,2020-04-19
2020-04-20,10,2314,91,11,0,210,2020-04-20,2020-04-19
2020-04-20,11,5196,94,37,2,564,2020-04-20,2020-04-19
2020-04-20,12,2238,66,17,0,252,2020-04-20,2020-04-18
2020-04-20,13,653,15,2,0,37,2020-04-20,2020-04-18
2020-04-20,14,4229,109,39,2,368,2020-04-20,2020-04-19
2020-04-20,15,1369,30,19,0,169,2020-04-20,2020-04-19
2020-04-20,16,1785,53,29,0,274,2020-04-20,2020-04-19
2020-04-21,1,2414,70,-12,3,199,2020-04-21,2020-04-20
2020-04-21,2,4204,91,19,0,325,2020-04-21,2020-04-19
2020-04-21,3,9098,306,198,15,1086,2020-04-21,2020-04-20
2020-04-21,4,609,25,5,0,119,2020-04-21,2020-04-20
2020-04-21,5,29389,896,418,39,3416,2020-04-21,2020-04-20
2020-04-21,6,7231,251,54,11,1016,2020-04-21,2020-04-20
2020-04-21,7,5561,116,38,9,599,2020-04-21,2020-04-20
2020-04-21,8,28712,1031,459,49,2842,2020-04-21,2020-04-20
2020-04-21,9,38310,1336,461,50,4305,2020-04-21,2020-04-20
2020-04-21,10,2328,93,14,2,191,2020-04-21,2020-04-20
2020-04-21,11,5237,97,41,3,545,2020-04-21,2020-04-20
2020-04-21,12,2275,67,37,1,274,2020-04-21,2020-04-19
2020-04-21,13,655,15,2,0,35,2020-04-21,2020-04-20
2020-04-21,14,4253,117,24,8,350,2020-04-21,2020-04-20
2020-04-21,15,1383,32,14,2,172,2020-04-21,2020-04-20
2020-04-21,16,1798,55,13,2,266,2020-04-21,2020-04-20
2020-04-22,1,2496,79,82,9,228,2020-04-22,2020-04-21
2020-04-22,2,4204,91,0,0,268,2020-04-22,2020-04-19
2020-04-22,3,9236,328,138,22,1051,2020-04-22,2020-04-21
2020-04-22,4,624,26,15,1,129,2020-04-22,2020-04-21
2020-04-22,5,30185,964,796,68,3683,2020-04-22,2020-04-21
2020-04-22,6,7380,265,149,14,1002,2020-04-22,2020-04-21
2020-04-22,7,5593,122,32,6,529,2020-04-22,2020-04-21
2020-04-22,8,28898,1063,186,32,2659,2020-04-22,2020-04-21
2020-04-22,9,38814,1424,504,88,4076,2020-04-22,2020-04-21
2020-04-22,10,2367,97,39,4,200,2020-04-22,2020-04-21
2020-04-22,11,5312,105,75,8,546,2020-04-22,2020-04-21
2020-04-22,12,2389,74,114,7,327,2020-04-22,2020-04-21
2020-04-22,13,656,15,1,0,33,2020-04-22,2020-04-21
2020-04-22,14,4273,122,20,5,304,2020-04-22,2020-04-21
2020-04-22,15,1395,33,12,1,158,2020-04-22,2020-04-21
2020-04-22,16,1872,71,74,16,298,2020-04-22,2020-04-21
2020-04-23,1,2530,84,34,5,222,2020-04-23,2020-04-22
2020-04-23,2,4286,113,82,22,273,2020-04-23,2020-04-22
2020-04-23,3,9391,340,155,12,972,2020-04-23,2020-04-22
2020-04-23,4,672,27,48,1,162,2020-04-23,2020-04-22
2020-04-23,5,30584,999,399,35,3399,2020-04-23,2020-04-22
2020-04-23,6,7593,286,213,21,986,2020-04-23,2020-04-22
2020-04-23,7,5643,131,50,9,460,2020-04-23,2020-04-22
2020-04-23,8,29443,1113,545,50,2558,2020-04-23,2020-04-22
2020-04-23,9,39395,1476,581,52,3754,2020-04-23,2020-04-22
2020-04-23,10,2395,99,28,2,176,2020-04-23,2020-04-22
2020-04-23,11,5324,105,12,0,445,2020-04-23,2020-04-22
2020-04-23,12,2447,84,58,10,322,2020-04-23,2020-04-22
2020-04-23,13,659,15,3,0,25,2020-04-23,2020-04-22
2020-04-23,14,4327,127,54,5,302,2020-04-23,2020-04-22
2020-04-23,15,1425,34,30,1,167,2020-04-23,2020-04-22
2020-04-23,16,1932,61,60,-10,316,2020-04-23,2020-04-22
2020-04-24,1,2557,88,27,4,197,2020-04-24,2020-04-23
2020-04-24,2,4358,122,72,9,280,2020-04-24,2020-04-23
2020-04-24,3,9544,364,153,24,878,2020-04-24,2020-04-23
2020-04-24,4,707,27,35,0,153,2020-04-24,2020-04-23
2020-04-24,5,31106,1052,522,53,3122,2020-04-24,2020-04-23
2020-04-24,6,7712,296,119,10,893,2020-04-24,2020-04-23
2020-04-24,7,5731,136,88,5,434,2020-04-24,2020-04-23
2020-04-24,8,29792,1153,348,40,2253,2020-04-24,2020-04-23
2020-04-24,9,39939,1525,545,49,3445,2020-04-24,2020-04-23
2020-04-24,10,2445,105,50,6,175,2020-04-24,2020-04-23
2020-04-24,11,5459,112,135,7,469,2020-04-24,2020-04-23
2020-04-24,12,2536,90,89,6,346,2020-04-24,2020-04-23
2020-04-24,13,661,16,2,1,18,2020-04-24,2020-04-22
2020-04-24,14,4377,135,50,8,248,2020-04-24,2020-04-23
2020-04-24,15,1436,35,11,1,154,2020-04-24,2020-04-23
2020-04-24,16,2023,65,91,4,323,2020-04-24,2020-04-23
2020-04-25,1,2612,95,55,7,205,2020-04-25,2020-04-24
2020-04-25,2,4400,139,42,17,226,2020-04-25,2020-04-24
2020-04-25,3,9691,377,147,13,829,2020-04-25,2020-04-24
2020-04-25,4,719,27,12,0,155,2020-04-25,2020-04-24
2020-04-25,5,31465,1084,359,32,2835,2020-04-25,2020-04-24
2020-04-25,6,7837,305,125,9,821,2020-04-25,2020-04-24
2020-04-25,7,5767,138,36,2,338,2020-04-25,2020-04-24
2020-04-25,8,30169,1189,378,36,2068,2020-04-25,2020-04-24
2020-04-25,9,40547,1566,607,41,3219,2020-04-25,2020-04-24
2020-04-25,10,2468,107,23,2,167,2020-04-25,2020-04-24
2020-04-25,11,5525,113,66,1,408,2020-04-25,2020-04-24
2020-04-25,12,2627,97,91,7,298,2020-04-25,2020-04-24
2020-04-25,13,667,16,6,0,20,2020-04-25,2020-04-24
2020-04-25,14,4406,141,29,6,236,2020-04-25,2020-04-24
2020-04-25,15,1480,35,44,0,135,2020-04-25,2020-04-24
2020-04-25,16,2058,71,35,6,322,2020-04-25,2020-04-24
2020-04-26,1,2630,96,18,1,197,2020-04-26,2020-04-25
2020-04-26,2,4429,140,29,1,222,2020-04-26,2020-04-24
2020-04-26,3,9785,384,94,7,783,2020-04-26,2020-04-25
2020-04-26,4,739,27,20,0,157,2020-04-26,2020-04-25
2020-04-26,5,31669,1096,204,12,2559,2020-04-26,2020-04-25
2020-04-26,6,7946,315,109,10,800,2020-04-26,2020-04-25
2020-04-26,7,5835,147,68,9,318,2020-04-26,2020-04-25
2020-04-26,8,30761,1237,592,48,2235,2020-04-26,2020-04-25
2020-04-26,9,40912,1596,365,30,3108,2020-04-26,2020-04-25
2020-04-26,10,2482,107,14,0,154,2020-04-26,2020-04-25
2020-04-26,11,5600,123,75,10,402,2020-04-26,2020-04-25
2020-04-26,12,2694,100,67,3,311,2020-04-26,2020-04-24
2020-04-26,13,673,16,6,0,20,2020-04-26,2020-04-25
2020-04-26,14,4428,147,22,6,212,2020-04-26,2020-04-25
2020-04-26,15,1494,36,14,1,126,2020-04-26,2020-04-24
2020-04-26,16,2098,73,40,2,315,2020-04-26,2020-04-25
2020-04-27,1,2638,98,8,2,195,2020-04-27,2020-04-26
2020-04-27,2,4475,142,46,2,251,2020-04-27,2020-04-25
2020-04-27,3,9847,391,62,7,745,2020-04-27,2020-04-26
2020-04-27,4,754,27,15,0,160,2020-04-27,2020-04-26
2020-04-27,5,31879,1131,210,35,2430,2020-04-27,2020-04-26
2020-04-27,6,7979,320,33,5,760,2020-04-27,2020-04-26
2020-04-27,7,5879,152,44,5,335,2020-04-27,2020-04-26
2020-04-27,8,31043,1249,282,12,2220,2020-04-27,2020-04-26
2020-04-27,9,41070,1621,158,25,2849,2020-04-27,2020-04-26
2020-04-27,10,2503,121,21,14,170,2020-04-27,2020-04-26
2020-04-27,11,5638,125,38,2,408,2020-04-27,2020-04-26
2020-04-27,12,2721,100,27,0,310,2020-04-27,2020-04-25
2020-04-27,13,674,16,1,0,21,2020-04-27,2020-04-25
2020-04-27,14,4458,147,30,0,220,2020-04-27,2020-04-26
2020-04-27,15,1515,36,21,0,132,2020-04-27,2020-04-26
2020-04-27,16,2120,74,22,1,321,2020-04-27,2020-04-26
2020-04-28,1,2653,101,15,3,182,2020-04-28,2020-04-27
2020-04-28,2,4505,142,30,0,255,2020-04-28,2020-04-26
2020-04-28,3,9926,394,79,3,695,2020-04-28,2020-04-27
2020-04-28,4,759,27,5,0,158,2020-04-28,2020-04-27
2020-04-28,5,32184,1171,304,40,2172,2020-04-28,2020-04-27
2020-04-28,6,8026,333,47,13,726,2020-04-28,2020-04-27
2020-04-28,7,5928,157,49,5,346,2020-04-28,2020-04-27
2020-04-28,8,31196,1269,153,20,2130,2020-04-28,2020-04-27
2020-04-28,9,41406,1681,336,60,2777,2020-04-28,2020-04-27
2020-04-28,10,2509,123,6,2,158,2020-04-28,2020-04-27
2020-04-28,11,5669,127,31,2,392,2020-04-28,2020-04-27
2020-04-28,12,2747,106,26,6,280,2020-04-28,2020-04-27
2020-04-28,13,675,17,1,1,20,2020-04-28,2020-04-27
2020-04-28,14,4490,148,32,1,221,2020-04-28,2020-04-27
2020-04-28,15,1520,39,5,3,124,2020-04-28,2020-04-27
2020-04-28,16,2144,78,25,4,308,2020-04-28,2020-04-27
2020-04-29,1,2679,103,26,2,169,2020-04-29,2020-04-28
2020-04-29,2,4525,153,20,11,215,2020-04-29,2020-04-28
2020-04-29,3,9972,406,46,12,584,2020-04-29,2020-04-28
2020-04-29,4,797,29,38,2,179,2020-04-29,2020-04-28
2020-04-29,5,32429,1200,245,29,1957,2020-04-29,2020-04-28
2020-04-29,6,8184,346,158,13,715,2020-04-29,2020-04-28
2020-04-29,7,5982,161,54,4,325,2020-04-29,2020-04-28
2020-04-29,8,31336,1299,140,30,1863,2020-04-29,2020-04-28
2020-04-29,9,41830,1754,424,73,2680,2020-04-29,2020-04-28
2020-04-29,10,2514,129,5,6,125,2020-04-29,2020-04-28
2020-04-29,11,5734,137,65,10,378,2020-04-29,2020-04-28
2020-04-29,12,2768,109,21,3,231,2020-04-29,2020-04-28
2020-04-29,13,687,17,12,0,30,2020-04-29,2020-04-28
2020-04-29,14,4509,153,19,5,190,2020-04-29,2020-04-28
2020-04-29,15,1525,39,5,0,99,2020-04-29,2020-04-28
2020-04-29,16,2170,80,26,2,259,2020-04-29,2020-04-28
2020-04-30,1,2690,106,12,3,152,2020-04-30,2020-04-29
2020-04-30,2,4562,155,37,2,191,2020-04-30,2020-04-29
2020-04-30,3,10067,416,95,10,520,2020-04-30,2020-04-29
2020-04-30,4,827,29,30,0,133,2020-04-30,2020-04-29
2020-04-30,5,32687,1219,258,19,1734,2020-04-30,2020-04-29
2020-04-30,6,8304,353,120,7,659,2020-04-30,2020-04-29
2020-04-30,7,6029,166,48,5,294,2020-04-30,2020-04-29
2020-04-30,8,31609,1353,271,54,1599,2020-04-30,2020-04-29
2020-04-30,9,42080,1799,250,45,2333,2020-04-30,2020-04-29
2020-04-30,10,2552,131,38,2,121,2020-04-30,2020-04-29
2020-04-30,11,5827,147,93,10,378,2020-04-30,2020-04-29
2020-04-30,12,2831,113,63,4,245,2020-04-30,2020-04-29
2020-04-30,13,690,17,3,0,29,2020-04-30,2020-04-29
2020-04-30,14,4561,156,52,3,188,2020-04-30,2020-04-29
2020-04-30,15,1549,43,24,4,107,2020-04-30,2020-04-29
2020-04-30,16,2254,85,84,5,287,2020-04-30,2020-04-29
2020-05-01,1,2714,110,24,4,136,2020-05-01,2020-04-30
2020-05-01,2,4604,163,42,8,178,2020-05-01,2020-04-30
2020-05-01,3,10141,429,74,13,458,2020-05-01,2020-04-30
2020-05-01,4,859,30,32,1,154,2020-05-01,2020-04-30
2020-05-01,5,33058,1261,371,42,1736,2020-05-01,2020-04-30
2020-05-01,6,8376,360,72,7,605,2020-05-01,2020-04-30
2020-05-01,7,6086,172,57,6,294,2020-05-01,2020-04-30
2020-05-01,8,31919,1385,310,32,1474,2020-05-01,2020-04-30
2020-05-01,9,42489,1850,409,51,2153,2020-05-01,2020-04-30
2020-05-01,10,2581,135,29,4,130,2020-05-01,2020-04-30
2020-05-01,11,5887,149,60,2,353,2020-05-01,2020-04-30
2020-05-01,12,2872,120,41,7,247,2020-05-01,2020-04-30
2020-05-01,13,693,18,3,1,32,2020-05-01,2020-04-30
2020-05-01,14,4592,162,31,6,183,2020-05-01,2020-04-30
2020-05-01,15,1564,44,15,1,93,2020-05-01,2020-04-30
2020-05-01,16,2323,93,69,8,290,2020-05-01,2020-04-30
2020-05-02,1,2728,112,14,2,111,2020-05-02,2020-05-01
2020-05-02,2,4609,163,5,0,144,2020-05-02,2020-05-01
2020-05-02,3,10246,451,105,22,441,2020-05-02,2020-05-01
2020-05-02,4,871,30,12,0,148,2020-05-02,2020-05-01
2020-05-02,5,33216,1268,158,7,1559,2020-05-02,2020-05-01
2020-05-02,6,8486,364,111,4,614,2020-05-02,2020-05-01
2020-05-02,7,6099,173,13,1,245,2020-05-02,2020-05-01
2020-05-02,8,32146,1402,227,17,1324,2020-05-02,2020-05-01
2020-05-02,9,42658,1885,168,35,1799,2020-05-02,2020-05-01
2020-05-02,10,2597,135,16,0,124,2020-05-02,2020-05-01
2020-05-02,11,5943,152,56,3,337,2020-05-02,2020-05-01
2020-05-02,12,2886,122,14,2,170,2020-05-02,2020-04-30
2020-05-02,13,695,18,2,0,29,2020-05-02,2020-05-01
2020-05-02,14,4617,163,25,1,163,2020-05-02,2020-05-01
2020-05-02,15,1571,44,7,0,77,2020-05-02,2020-05-01
2020-05-02,16,2335,93,12,0,256,2020-05-02,2020-05-01
2020-05-03,1,2738,113,10,1,104,2020-05-03,2020-05-02
2020-05-03,2,4631,164,22,1,121,2020-05-03,2020-05-01
2020-05-03,3,10283,453,37,2,416,2020-05-03,2020-05-02
2020-05-03,4,875,30,4,0,137,2020-05-03,2020-05-02
2020-05-03,5,33428,1287,212,19,1550,2020-05-03,2020-05-02
2020-05-03,6,8524,370,38,6,565,2020-05-03,2020-05-02
2020-05-03,7,6133,176,34,3,250,2020-05-03,2020-05-02
2020-05-03,8,32291,1412,145,10,1151,2020-05-03,2020-05-02
2020-05-03,9,42792,1910,134,25,1600,2020-05-03,2020-05-02
2020-05-03,10,2605,138,8,3,118,2020-05-03,2020-05-02
2020-05-03,11,5976,154,33,2,318,2020-05-03,2020-05-02
2020-05-03,12,2905,122,19,0,165,2020-05-03,2020-05-01
2020-05-03,13,698,18,3,0,25,2020-05-03,2020-05-01
2020-05-03,14,4696,165,79,2,165,2020-05-03,2020-05-01
2020-05-03,15,1576,44,5,0,63,2020-05-03,2020-05-02
2020-05-03,16,2345,93,10,0,241,2020-05-03,2020-05-02
2020-05-04,1,2788,113,50,0,148,2020-05-04,2020-05-03
2020-05-04,2,4636,166,5,2,108,2020-05-04,2020-05-02
2020-05-04,3,10325,456,42,3,409,2020-05-04,2020-05-03
2020-05-04,4,893,30,18,0,141,2020-05-04,2020-05-03
2020-05-04,5,33560,1290,132,3,1531,2020-05-04,2020-05-03
2020-05-04,6,8549,372,25,2,566,2020-05-04,2020-05-03
2020-05-04,7,6150,177,17,1,236,2020-05-04,2020-05-02
2020-05-04,8,32411,1421,120,9,1142,2020-05-04,2020-05-03
2020-05-04,9,42997,1926,205,16,1640,2020-05-04,2020-05-03
2020-05-04,10,2608,139,3,1,104,2020-05-04,2020-05-03
2020-05-04,11,6010,154,34,0,331,2020-05-04,2020-05-03
2020-05-04,12,2914,122,9,0,167,2020-05-04,2020-05-02
2020-05-04,13,699,18,1,0,26,2020-05-04,2020-05-01
2020-05-04,14,4702,167,6,2,152,2020-05-04,2020-05-02
2020-05-04,15,1578,45,2,1,60,2020-05-04,2020-05-03
2020-05-04,16,2355,96,10,3,230,2020-05-04,2020-05-03
2020-05-05,1,2799,118,11,5,145,2020-05-05,2020-05-04
2020-05-05,2,4644,172,9,6,98,2020-05-05,2020-05-02
2020-05-05,3,10380,463,55,7,390,2020-05-05,2020-05-04
2020-05-05,4,895,31,2,1,136,2020-05-05,2020-05-04
2020-05-05,5,33728,1332,168,42,1483,2020-05-05,2020-05-04
2020-05-05,6,8585,381,36,9,532,2020-05-05,2020-05-04
2020-05-05,7,6160,182,10,5,205,2020-05-05,2020-05-04
2020-05-05,8,32482,1452,71,31,1034,2020-05-05,2020-05-04
2020-05-05,9,43162,1949,165,23,1441,2020-05-05,2020-05-04
2020-05-05,10,2618,139,10,0,110,2020-05-05,2020-05-04
2020-05-05,11,6042,154,32,0,307,2020-05-05,2020-05-04
2020-05-05,12,2940,123,25,1,157,2020-05-05,2020-05-04
2020-05-05,13,703,19,4,1,28,2020-05-05,2020-05-04
2020-05-05,14,4745,171,43,4,159,2020-05-05,2020-05-04
2020-05-05,15,1585,46,7,1,62,2020-05-05,2020-05-04
2020-05-05,16,2392,99,37,3,238,2020-05-05,2020-05-04
2020-05-06,1,2815,119,16,1,140,2020-05-06,2020-05-05
2020-05-06,2,4664,190,20,18,95,2020-05-06,2020-05-05
2020-05-06,3,10453,470,73,7,361,2020-05-06,2020-05-05
2020-05-06,4,916,31,22,0,119,2020-05-06,2020-05-05
2020-05-06,5,33977,1358,249,26,1465,2020-05-06,2020-05-05
2020-05-06,6,8642,386,57,5,447,2020-05-06,2020-05-05
2020-05-06,7,6191,187,31,5,208,2020-05-06,2020-05-05
2020-05-06,8,32576,1481,93,29,909,2020-05-06,2020-05-05
2020-05-06,9,43371,2001,209,52,1318,2020-05-06,2020-05-05
2020-05-06,10,2627,141,9,2,94,2020-05-06,2020-05-05
2020-05-06,11,6092,159,50,5,276,2020-05-06,2020-05-05
2020-05-06,12,2969,127,29,4,125,2020-05-06,2020-05-04
2020-05-06,13,711,19,8,0,23,2020-05-06,2020-05-05
2020-05-06,14,4784,177,39,6,149,2020-05-06,2020-05-05
2020-05-06,15,1590,46,5,0,54,2020-05-06,2020-05-05
2020-05-06,16,2429,104,37,5,198,2020-05-06,2020-05-05
2020-05-07,1,2834,120,19,1,142,2020-05-07,2020-05-06
2020-05-07,2,4704,194,40,4,85,2020-05-07,2020-05-06
2020-05-07,3,10564,478,111,8,350,2020-05-07,2020-05-06
2020-05-07,4,963,32,47,1,126,2020-05-07,2020-05-06
2020-05-07,5,34249,1372,272,14,1498,2020-05-07,2020-05-06
2020-05-07,6,8736,396,94,10,420,2020-05-07,2020-05-06
2020-05-07,7,6213,189,22,2,176,2020-05-07,2020-05-06
2020-05-07,8,32762,1497,186,16,780,2020-05-07,2020-05-06
2020-05-07,9,43658,2050,287,49,1246,2020-05-07,2020-05-06
2020-05-07,10,2655,143,28,2,87,2020-05-07,2020-05-06
2020-05-07,11,6149,162,57,3,265,2020-05-07,2020-05-06
2020-05-07,12,2999,129,30,2,116,2020-05-07,2020-05-06
2020-05-07,13,715,19,4,0,23,2020-05-07,2020-05-06
2020-05-07,14,4836,181,52,4,162,2020-05-07,2020-05-06
2020-05-07,15,1602,48,12,2,50,2020-05-07,2020-05-06
2020-05-07,16,2452,109,23,5,180,2020-05-07,2020-05-06
2020-05-08,1,2860,122,26,2,149,2020-05-08,2020-05-07
2020-05-08,2,4753,201,49,7,86,2020-05-08,2020-05-07
2020-05-08,3,10686,493,122,15,351,2020-05-08,2020-05-07
2020-05-08,4,997,32,34,0,140,2020-05-08,2020-05-07
2020-05-08,5,34522,1397,273,25,1379,2020-05-08,2020-05-07
2020-05-08,6,8850,403,114,7,424,2020-05-08,2020-05-07
2020-05-08,7,6241,192,28,3,157,2020-05-08,2020-05-07
2020-05-08,8,32898,1515,136,18,665,2020-05-08,2020-05-07
2020-05-08,9,43905,2114,247,64,1182,2020-05-08,2020-05-07
2020-05-08,10,2658,140,3,-3,64,2020-05-08,2020-05-07
2020-05-08,11,6209,163,60,1,272,2020-05-08,2020-05-07
2020-05-08,12,3037,131,38,2,117,2020-05-08,2020-05-07
2020-05-08,13,718,19,3,0,22,2020-05-08,2020-05-07
2020-05-08,14,4839,184,3,3,155,2020-05-08,2020-05-07
2020-05-08,15,1615,48,13,0,52,2020-05-08,2020-05-07
2020-05-08,16,2512,112,60,3,179,2020-05-08,2020-05-07
2020-05-09,1,2898,122,38,0,174,2020-05-09,2020-05-09
2020-05-09,2,4772,204,19,3,89,2020-05-09,2020-05-09
2020-05-09,3,10803,496,117,3,430,2020-05-09,2020-05-09
2020-05-09,4,1024,32,27,0,155,2020-05-09,2020-05-09
2020-05-09,5,34817,1424,295,27,1448,2020-05-09,2020-05-09
2020-05-09,6,8916,408,66,5,415,2020-05-09,2020-05-09
2020-05-09,7,6282,195,41,3,159,2020-05-09,2020-05-09
2020-05-09,8,33105,1534,207,19,706,2020-05-09,2020-05-09
2020-05-09,9,44169,2147,264,33,1223,2020-05-09,2020-05-09
2020-05-09,10,2660,142,2,2,55,2020-05-09,2020-05-09
2020-05-09,11,6242,164,33,1,280,2020-05-09,2020-05-09
2020-05-09,12,3098,133,61,2,131,2020-05-09,2020-05-09
2020-05-09,13,722,19,4,0,22,2020-05-09,2020-05-07
2020-05-09,14,4873,186,34,2,170,2020-05-09,2020-05-09
2020-05-09,15,1637,48,22,0,60,2020-05-09,2020-05-09
2020-05-09,16,2533,115,21,3,186,2020-05-09,2020-05-09
2020-05-10,1,2938,123,40,1,202,2020-05-10,2020-05-09
2020-05-10,2,4772,204,0,0,80,2020-05-10,2020-05-08
2020-05-10,3,10827,498,24,2,417,2020-05-10,2020-05-09
2020-05-10,4,1043,32,19,0,170,2020-05-10,2020-05-09
2020-05-10,5,34964,1425,147,1,1449,2020-05-10,2020-05-09
2020-05-10,6,8998,411,82,3,456,2020-05-10,2020-05-09
2020-05-10,7,6291,195,9,0,149,2020-05-10,2020-05-08
2020-05-10,8,33287,1542,182,8,772,2020-05-10,2020-05-09
2020-05-10,9,44265,2153,96,6,1148,2020-05-10,2020-05-09
2020-05-10,10,2663,142,3,0,52,2020-05-10,2020-05-09
2020-05-10,11,6261,165,19,1,269,2020-05-10,2020-05-09
2020-05-10,12,3101,134,3,1,118,2020-05-10,2020-05-09
2020-05-10,13,726,19,4,0,24,2020-05-10,2020-05-09
2020-05-10,14,4886,187,13,1,163,2020-05-10,2020-05-08
2020-05-10,15,1640,48,3,0,58,2020-05-10,2020-05-09
2020-05-10,16,2556,117,23,2,188,2020-05-10,2020-05-09
2020-05-11,1,2957,124,19,1,171,2020-05-11,2020-05-10
2020-05-11,2,4780,204,8,0,85,2020-05-11,2020-05-09
2020-05-11,3,10854,498,27,0,429,2020-05-11,2020-05-10
2020-05-11,4,1055,34,12,2,165,2020-05-11,2020-05-10
2020-05-11,5,35132,1437,168,12,1496,2020-05-11,2020-05-10
2020-05-11,6,9012,412,14,1,444,2020-05-11,2020-05-10
2020-05-11,7,6313,195,22,0,171,2020-05-11,2020-05-09
2020-05-11,8,33190,1545,-97,3,760,2020-05-11,2020-05-10
2020-05-11,9,44368,2155,103,2,1151,2020-05-11,2020-05-10
2020-05-11,10,2665,142,2,0,50,2020-05-11,2020-05-09
2020-05-11,11,6272,165,11,0,248,2020-05-11,2020-05-10
2020-05-11,12,3106,134,5,0,118,2020-05-11,2020-05-09
2020-05-11,13,728,19,2,0,26,2020-05-11,2020-05-10
2020-05-11,14,4915,187,29,0,182,2020-05-11,2020-05-09
2020-05-11,15,1643,48,3,0,57,2020-05-11,2020-05-10
2020-05-11,16,2585,118,29,1,216,2020-05-11,2020-05-10
2020-05-12,1,2956,125,0,1,159,2020-05-12,2020-05-11
2020-05-12,2,4960,216,180,12,83,2020-05-12,2020-05-10
2020-05-12,3,10895,507,40,9,376,2020-05-12,2020-05-11
2020-05-12,4,1058,35,3,1,151,2020-05-12,2020-05-11
2020-05-12,5,35333,1456,201,19,1535,2020-05-12,2020-05-11
2020-05-12,6,9031,415,19,3,442,2020-05-12,2020-05-11
2020-05-12,7,6355,206,42,11,185,2020-05-12,2020-05-11
2020-05-12,8,33359,1568,169,23,774,2020-05-12,2020-05-11
2020-05-12,9,44593,2182,225,27,1198,2020-05-12,2020-05-11
2020-05-12,10,2665,144,0,2,41,2020-05-12,2020-05-11
2020-05-12,11,6274,165,2,0,198,2020-05-12,2020-05-11
2020-05-12,12,3111,136,5,2,105,2020-05-12,2020-05-11
2020-05-12,13,729,20,1,1,23,2020-05-12,2020-05-11
2020-05-12,14,4947,190,32,3,209,2020-05-12,2020-05-11
2020-05-12,15,1648,50,5,2,56,2020-05-12,2020-05-11
2020-05-12,16,2594,118,9,0,195,2020-05-12,2020-05-11
2020-05-13,1,2972,125,16,0,128,2020-05-13,2020-05-12
2020-05-13,2,4972,223,12,7,74,2020-05-13,2020-05-11
2020-05-13,3,10903,508,8,1,305,2020-05-13,2020-05-11
2020-05-13,4,1077,36,19,1,160,2020-05-13,2020-05-12
2020-05-13,5,35555,1473,222,17,1515,2020-05-13,2020-05-12
2020-05-13,6,9087,419,56,4,407,2020-05-13,2020-05-12
2020-05-13,7,6360,207,5,1,160,2020-05-13,2020-05-12
2020-05-13,8,33518,1594,159,26,744,2020-05-13,2020-05-12
2020-05-13,9,44802,2209,209,27,1194,2020-05-13,2020-05-12
2020-05-13,10,2667,144,2,0,35,2020-05-13,2020-05-12
2020-05-13,11,6298,170,24,5,170,2020-05-13,2020-05-12
2020-05-13,12,3125,137,14,1,72,2020-05-13,2020-05-11
2020-05-13,13,736,20,7,0,23,2020-05-13,2020-05-12
2020-05-13,14,4962,191,15,1,164,2020-05-13,2020-05-12
2020-05-13,15,1650,52,2,2,39,2020-05-13,2020-05-12
2020-05-13,16,2622,126,28,8,184,2020-05-13,2020-05-12
2020-05-14,1,2982,125,10,0,123,2020-05-14,2020-05-13
2020-05-14,2,4976,228,4,5,57,2020-05-14,2020-05-13
2020-05-14,3,11003,524,99,16,310,2020-05-14,2020-05-13
2020-05-14,4,1104,37,27,1,134,2020-05-14,2020-05-13
2020-05-14,5,35741,1483,186,10,1395,2020-05-14,2020-05-13
2020-05-14,6,9169,423,82,4,387,2020-05-14,2020-05-13
2020-05-14,7,6382,212,22,5,152,2020-05-14,2020-05-13
2020-05-14,8,33670,1608,153,14,765,2020-05-14,2020-05-13
2020-05-14,9,44980,2229,178,20,1115,2020-05-14,2020-05-13
2020-05-14,10,2677,145,10,1,30,2020-05-14,2020-05-13
2020-05-14,11,6342,173,44,3,156,2020-05-14,2020-05-13
2020-05-14,12,3135,138,10,1,50,2020-05-14,2020-05-13
2020-05-14,13,739,20,3,0,23,2020-05-14,2020-05-13
2020-05-14,14,5031,195,69,4,171,2020-05-14,2020-05-13
2020-05-14,15,1656,52,6,0,37,2020-05-14,2020-05-13
2020-05-14,16,2652,131,30,5,170,2020-05-14,2020-05-13
2020-05-15,1,2988,126,6,1,95,2020-05-15,2020-05-14
2020-05-15,2,4981,228,5,0,47,2020-05-15,2020-05-13
2020-05-15,3,11087,534,84,10,296,2020-05-15,2020-05-14
2020-05-15,4,1129,37,25,0,130,2020-05-15,2020-05-14
2020-05-15,5,35967,1493,225,10,1303,2020-05-15,2020-05-14
2020-05-15,6,9204,429,35,6,350,2020-05-15,2020-05-14
2020-05-15,7,6413,213,31,1,148,2020-05-15,2020-05-14
2020-05-15,8,33851,1628,181,20,725,2020-05-15,2020-05-14
2020-05-15,9,45143,2260,164,31,1022,2020-05-15,2020-05-14
2020-05-15,10,2684,147,7,2,29,2020-05-15,2020-05-14
2020-05-15,11,6397,177,55,4,154,2020-05-15,2020-05-14
2020-05-15,12,3158,148,23,10,55,2020-05-15,2020-05-14
2020-05-15,13,740,20,1,0,18,2020-05-15,2020-05-13
2020-05-15,14,5061,195,30,0,165,2020-05-15,2020-05-14
2020-05-15,15,1668,54,12,2,36,2020-05-15,2020-05-14
2020-05-15,16,2681,135,29,4,154,2020-05-15,2020-05-14
2020-05-16,1,2998,126,10,0,82,2020-05-16,2020-05-15
2020-05-16,2,5017,231,36,3,45,2020-05-16,2020-05-14
2020-05-16,3,11092,535,5,1,227,2020-05-16,2020-05-15
2020-05-16,4,1150,37,21,0,123,2020-05-16,2020-05-15
2020-05-16,5,36065,1500,98,7,1186,2020-05-16,2020-05-15
2020-05-16,6,9261,432,57,3,322,2020-05-16,2020-05-15
2020-05-16,7,6449,216,36,3,159,2020-05-16,2020-05-15
2020-05-16,8,33893,1644,42,16,622,2020-05-16,2020-05-15
2020-05-16,9,45340,2273,197,13,1022,2020-05-16,2020-05-15
2020-05-16,10,2688,149,4,2,29,2020-05-16,2020-05-15
2020-05-16,11,6428,181,31,4,181,2020-05-16,2020-05-15
2020-05-16,12,3169,149,11,1,49,2020-05-16,2020-05-15
2020-05-16,13,746,20,6,0,24,2020-05-16,2020-05-15
2020-05-16,14,5089,197,28,2,146,2020-05-16,2020-05-15
2020-05-16,15,1676,54,8,0,36,2020-05-16,2020-05-15
2020-05-16,16,2711,137,30,2,154,2020-05-16,2020-05-15
2020-05-17,1,3000,126,2,0,66,2020-05-17,2020-05-16
2020-05-17,2,5029,232,12,1,45,2020-05-17,2020-05-15
2020-05-17,3,11155,544,63,9,262,2020-05-17,2020-05-15
2020-05-17,4,1164,37,14,0,122,2020-05-17,2020-05-16
2020-05-17,5,36286,1505,221,5,1219,2020-05-17,2020-05-16
2020-05-17,6,9317,435,56,3,332,2020-05-17,2020-05-16
2020-05-17,7,6449,216,0,0,131,2020-05-17,2020-05-15
2020-05-17,8,33950,1648,57,4,551,2020-05-17,2020-05-16
2020-05-17,9,45427,2283,87,10,997,2020-05-17,2020-05-16
2020-05-17,10,2696,149,8,0,33,2020-05-17,2020-05-16
2020-05-17,11,6447,182,19,1,184,2020-05-17,2020-05-16
2020-05-17,12,3171,149,2,0,46,2020-05-17,2020-05-15
2020-05-17,13,748,20,2,0,22,2020-05-17,2020-05-16
2020-05-17,14,5115,196,26,-1,148,2020-05-17,2020-05-16
2020-05-17,15,1676,54,0,0,32,2020-05-17,2020-05-15
2020-05-17,16,2725,138,14,1,137,2020-05-17,2020-05-16
2020-05-18,1,3002,126,2,0,48,2020-05-18,2020-05-17
2020-05-18,2,5037,232,8,0,50,2020-05-18,2020-05-16
2020-05-18,3,11167,545,12,1,264,2020-05-18,2020-05-16
2020-05-18,4,1171,38,7,1,117,2020-05-18,2020-05-17
2020-05-18,5,36365,1512,79,7,1192,2020-05-18,2020-05-17
2020-05-18,6,9337,439,20,4,337,2020-05-18,2020-05-17
2020-05-18,7,6490,217,41,1,156,2020-05-18,2020-05-17
2020-05-18,8,34000,1652,50,4,549,2020-05-18,2020-05-17
2020-05-18,9,45507,2287,80,4,982,2020-05-18,2020-05-17
2020-05-18,10,2696,149,0,0,33,2020-05-18,2020-05-16
2020-05-18,11,6458,180,11,-2,187,2020-05-18,2020-05-17
2020-05-18,12,3172,149,1,0,45,2020-05-18,2020-05-15
2020-05-18,13,752,20,4,0,23,2020-05-18,2020-05-17
2020-05-18,14,5125,196,10,0,150,2020-05-18,2020-05-17
2020-05-18,15,1678,54,2,0,32,2020-05-18,2020-05-17
2020-05-18,16,2740,139,15,1,144,2020-05-18,2020-05-17
2020-05-19,1,3002,128,0,2,43,2020-05-19,2020-05-17
2020-05-19,2,5042,232,5,0,45,2020-05-19,2020-05-16
2020-05-19,3,11207,548,40,3,249,2020-05-19,2020-05-18
2020-05-19,4,1237,38,66,0,133,2020-05-19,2020-05-18
2020-05-19,5,36485,1525,120,13,1115,2020-05-19,2020-05-18
2020-05-19,6,9368,442,31,3,336,2020-05-19,2020-05-18
2020-05-19,7,6520,222,30,5,170,2020-05-19,2020-05-18
2020-05-19,8,34034,1653,34,1,483,2020-05-19,2020-05-18
2020-05-19,9,45639,2314,132,27,921,2020-05-19,2020-05-18
2020-05-19,10,2699,154,3,5,34,2020-05-19,2020-05-18
2020-05-19,11,6478,182,20,2,191,2020-05-19,2020-05-18
2020-05-19,12,3185,150,13,1,42,2020-05-19,2020-05-18
2020-05-19,13,752,20,0,0,20,2020-05-19,2020-05-17
2020-05-19,14,5133,198,8,2,139,2020-05-19,2020-05-18
2020-05-19,15,1679,54,1,0,31,2020-05-19,2020-05-17
2020-05-19,16,2750,147,10,8,123,2020-05-19,2020-05-18
